﻿<?xml version="1.0" encoding="utf-8"?>
<mapping>
  <nodo nome="02" id-A="882" id-B="882" />
  <nodo nome="01" id-A="944" id-B="944" />
  <ente nome="120" id-A="2025" id-B="31806" />
  <ente nome="121" id-A="2882" id-B="2882" />
  <ente nome="122" id-A="2986" id-B="2986" />
  <ente nome="112" id-A="3476" id-B="3476" />
  <ente nome="301" id-A="3781" id-B="3781" />
  <ente nome="302" id-A="3794" id-B="3794" />
  <ente nome="111" id-A="3963" id-B="3963" />
  <ente nome="110" id-A="4046" id-B="4046" />
</mapping>