<grafo xmlns="http://www.sirti.it/graph"
 xmlns:xsi="http://www.w3.org/2001/XMLSchema-instance">
    <impianto>Stroncone</impianto>
    <tipoimpianto>STAZIONE</tipoimpianto>
    
    <nodo>
        <categoria>DEVIATOIO</categoria>
        <tipo>SEMPLICE</tipo>
        <nome>02</nome>
        <classe>PESANTE</classe>
    </nodo>

    <nodo>
        <categoria>DEVIATOIO</categoria>
        <tipo>SEMPLICE</tipo>
        <nome>01</nome>
        <classe>PESANTE</classe>
    </nodo>

    <nodo>
        <categoria>DEVIATOIO</categoria>
        <tipo>SEMPLICE</tipo>
        <nome>85</nome>
        <classe>PESANTE</classe>
    </nodo>

    <ente>
        <categoria>CDB</categoria>
        <tipo>STAZIONE</tipo>
        <nome>120</nome>
        <classe>SENZA ENTI</classe>
    </ente>
    
    <ente>
        <categoria>CDB</categoria>
        <tipo>STAZIONE</tipo>
        <nome>121</nome>
        <classe>SENZA ENTI</classe>
    </ente>

    <ente>
        <categoria>CDB</categoria>
        <tipo>STAZIONE</tipo>
        <nome>122</nome>
        <classe>CON ENTI</classe>
    </ente>

    <ente>
        <categoria>CDB</categoria>
        <tipo>STAZIONE</tipo>
        <nome>112</nome>
        <classe>CON ENTI</classe>

    </ente>

    <ente>
        <categoria>CDB</categoria>
        <tipo>STAZIONE</tipo>
        <nome>301</nome>
        <classe>SENZA ENTI</classe>
    </ente>

    <ente>
        <categoria>CDB</categoria>
        <tipo>STAZIONE</tipo>
        <nome>302</nome>
        <classe>SENZA ENTI</classe>
    </ente>

    <ente>
        <categoria>CDB</categoria>
        <tipo>STAZIONE</tipo>
        <nome>111</nome>
        <classe>SENZA ENTI</classe>
    </ente>

    <ente>
        <categoria>CDB</categoria>
        <tipo>STAZIONE</tipo>
        <nome>110</nome>
        <classe>SENZA ENTI</classe>
    </ente>

    <ente>
        <categoria>CDB</categoria>
        <tipo>STAZIONE</tipo>
        <nome>756</nome>
        <classe>SENZA ENTI</classe>
    </ente>

</grafo>               
